<?xml version="1.0" encoding="UTF-8"?>
<!DOCTYPE suite SYSTEM "http://testng.org/testng-1.0.dtd">
<suite name="Loan Department">
<listeners>
<listener class-name="ATest.EListners"/>
</listeners>
  <test name="Personal loan">
  <parameter name ="URL" value ="HomeLoanAccademy.com"/>
       <classes>
               <class name="ATest.A"/>
              <class name="ATest.D"/>  
              <class name="ATest.B"/>
     </classes>
 </test> 
  
  <test name="Car loan">
     <parameter name ="URL" value ="CarLoanAccademy.com"/>
      <classes>
           <class name= "ATest.C">
           <methods>
           <exclude name="API.*"/> 
           </methods>
           </class>
       </classes>
      
  </test>
  
</suite> 
