<?xml version="1.0" encoding="UTF-8"?>
<!DOCTYPE suite SYSTEM "http://testng.org/testng-1.0.dtd">
<suite name="Loan Department">

  <test name="Personal loan">
       <classes>
               <class name="ATest.A">
                     <methods>
                             <include name ="Demo"/>
                     </methods>
              </class>
              <class name="ATest.D"/>  
              <class name="ATest.B"/>
     </classes>
 </test> 
  
  <test name="Car loan">
     
      <classes>
           <class name= "ATest.C">
           <methods>
           <exclude name="API.*"/> 
           </methods>
           </class>
       </classes>
      
  </test>
  
</suite> 
