<?xml version="1.0" encoding="UTF-8"?>
<!DOCTYPE suite SYSTEM "http://testng.org/testng-1.0.dtd">
<suite name="Suite">
<listeners>
<listener class-name="com.test.automation.CustomListener.Listener"/>
<listener class-name="com.test.automation.ExtentReports.ExtentReporterNG"/>
</listeners>

  <test  name="Test">
    <classes>
       <class name="TestExecutionDriver.ValidateTitle"/>
        </classes>
        </test> 
        
        <test  name="Test1">
         <classes>
      <class name="TestExecutionDriver.HomePage"/>
    </classes>
  </test> <!-- Test -->
</suite> <!-- Suite -->
